patient_name,address,telephone_number,sex,dob,employer,group_number,payer_id_number,Billing Provider,Address,NPI,TIN,Taxonomy Code
Kyle Lopez        7557 Moreno Extensions, Sarahview, IN 61285               001-612-876-3921x5691 M06/27/1943Rodriguez Ltd                 8812-ASSN 238-11-0766Dr. Robin Chapman     17193 Tonya Inlet Apt. 192, East Danielland, MH 36448      6564768782904616105203BF0100Y
Leah Diaz         548 Thomas Islands Apt. 296, East Elizabethhaven, WV 44519(752)778-2811x52723   F03/30/1969Morris, Burns and Collins     1464-ASSN 771-37-2919Dr. Michelle Lewis    PSC 5603, Box 8895, APO AA 56161                           8360655349245946788203BF0100Y
George Craig      8477 Dorsey Manors, Lake Blake, OK 16762                  783-471-9771x470      M12/19/1939Ramos, Ramsey and Dixon       1516-ASSN 872-06-5697Dr. Anna Young        6730 Stephanie Trafficway, Courtneyport, MA 90650          6224085143721218662203BF0100Y
Alyssa Davis      52828 Walker Fork Apt. 023, Lewismouth, AZ 55172          001-277-648-6936x7397 F12/27/1952Contreras, Wilson and Bush    2471-ASSN 706-43-7969Dr. Heather Gilbert   82995 Santiago Overpass Apt. 808, Port Joseph, CT 85466    8307837467406657018203BF0100Y
Caroline Jackson  5443 Debra Bridge Apt. 091, Jenniferbury, RI 61650        761.701.5380x7144     F12/18/1975Brown, Russell and Brown      8970-BSSN 156-11-3505Dr. Austin Davis      862 Mathews Stream Apt. 223, Carrilloview, UT 12833        8615502589164783822203BF0100Y
Cory Bryant       1722 Gill Glen Suite 018, Tannerton, FM 97616             346-293-9479x51500    F06/26/1977Tyler Ltd                     6834-BSSN 210-57-9754Dr. Jennifer Hayes    0434 Lori Lights, Hamiltonbury, NH 65074                   8930612018800666431203BF0100Y
Brittney Nelson   479 Hart Keys Apt. 971, East Melissaville, AZ 33328       874.405.4724x62361    M09/06/1933Flowers and Sons              6838-ASSN 763-07-9145Dr. Jason Martin      366 Raymond Via, Terrellchester, NJ 21336                  9925681108440512803203BF0100Y
Kimberly Scott    3391 Wagner Unions, Justinside, CA 06609                  001-989-710-4148x24878F02/20/1940Walker-Brown                  8527-ASSN 139-54-2722Dr. Debra Torres      Unit 4183 Box 4670, DPO AA 69785                           6332879535856072266203BF0100Y
Sean Johnson      PSC 5204, Box 9039, APO AA 92228                          +1-977-778-5085x495   M04/18/1960Martinez, Drake and Nolan     2738-ASSN 125-51-6865Dr. Christopher Newton490 Eric Lake Suite 134, Halechester, GU 75092             3427653081515915527203BF0100Y
Lisa Sutton       729 Hoffman Lakes, Smithton, AR 65074                     270-853-9716x998      F01/13/1967Martinez-Wise                 5563-CSSN 670-20-7246Dr. Erika Robertson   65606 Rebecca Key Apt. 476, New Jill, AL 79267             7336962180821296012203BF0100Y
Billy Jones       34039 Sandoval Forks Apt. 368, Wuland, NM 62424           809.976.8373          F02/18/1980Vargas-Knight                 8325-CSSN 584-05-1211Dr. Joseph Burns      71516 Christopher Springs Suite 784, Johnsonburgh, PW 518974244597406483048781203BF0100Y
Mrs. Laura Watkins176 Cline Isle, Ramosville, IN 65386                      001-313-930-2065x95976M10/21/1994Alexander, Garcia and Beck    9164-ASSN 816-12-9795Dr. Kimberly Foster   83799 Rachel Key, West Brentside, AL 63061                 5035668610851811268203BF0100Y
Karen Cox         078 Andrea Mount, Alejandraport, HI 33571                 (455)323-7677x5937    F09/07/1999Grimes LLC                    6697-CSSN 717-52-5166Dr. Shelby Martinez   03398 Sandra Ports, North Kimberly, PW 15839               7212191299284744310203BF0100Y
Jessica Porter    3093 Smith Coves, Smithburgh, WI 83680                    +1-955-864-9834x8670  F11/01/1962Gilmore Ltd                   2485-BSSN 884-53-1396Dr. Hannah Andrews    07752 Payne Prairie Apt. 672, Melissaton, AR 90790         6203405627562150462203BF0100Y
Cassie Harmon     9276 Amy Cliff, Jamesmouth, PW 28404                      (659)810-8403x2586    M01/04/1987Lambert-Black                 1952-BSSN 321-77-9230Dr. Catherine Farley  954 Buck Estate Suite 299, East Hannah, UT 76086           9818878287419263987203BF0100Y
Andrew Daniel     495 William Fields Suite 591, East Alicia, DE 22671       719-578-8621          M04/23/1940Miranda-Johnson               6251-ASSN 110-49-2328Dr. Albert Carter     467 Mcmillan Springs Apt. 530, East Joshualand, DE 72819   6063727911839303294203BF0100Y
Kelly Mills       616 Michael Knoll, Fergusonton, WA 48277                  605.280.4115          F03/15/2005Salinas Ltd                   5388-CSSN 282-91-3731Dr. James Stewart     900 Mark Roads Suite 029, Lake Jerome, NE 65824            4856826916764813760203BF0100Y
Gina Mcmahon      4492 Goodman Meadow, North Heather, TN 92056              (393)535-7290x98138   M01/01/1995Duncan LLC                    8414-CSSN 290-21-0317Dr. Melissa Foley     Unit 6371 Box 5245, DPO AP 05046                           7422523445650432191203BF0100Y
Danielle Miranda  65128 Andrea Mill Suite 494, South Michaelburgh, IN 93011 001-293-513-8431      F03/25/1971Smith-Humphrey                1655-CSSN 271-76-4195Dr. Amy Moore         6972 Bennett Gateway Apt. 203, East Brittanymouth, NC 902937370358054125310952203BF0100Y
Steven Smith      413 Jeremy Route Suite 468, East Joanneberg, GU 16778     265.651.5751x90708    M10/23/1967Nichols-Peterson              5565-BSSN 698-68-5800Dr. Adrian Oconnell   8485 Lopez Stream Apt. 404, Lake Mary, MO 19621            7046450743862224542203BF0100Y
Isaiah Powell     USNS Potts, FPO AE 62130                                  +1-995-863-0430x9775  M07/25/1935Rios Group                    7457-CSSN 414-44-8988Dr. Carrie Davis      290 Roger Crest, South Jamiemouth, AK 82245                6767986809001725035203BF0100Y
Alan Dunlap Jr.   504 Craig Plains Suite 092, New Cameron, SC 75274         805.997.9849x489      M11/27/1998Wilson-Clark                  5813-CSSN 578-27-9998Dr. Michael Higgins   915 Ronald Meadow, Lovemouth, AS 14597                     9255278858313594026203BF0100Y
Garrett Tucker    696 Colon Radial, Markshire, FM 71324                     (206)972-5392x8820    F01/08/1949Young-Barr                    8904-BSSN 653-56-1398Dr. Rodney Green      88992 Katherine Lock Suite 827, South Dennistown, KY 68700 2182781917491953869203BF0100Y
Kaitlyn Cordova   01391 Tyrone Villages, Lopezbury, IL 25594                001-322-468-7029x4391 M02/26/2002Hess-Padilla                  8189-CSSN 218-57-4706Dr. Thomas Murphy     742 Phillip Plains Apt. 660, East Craigfort, SD 26713      8106213243323881897203BF0100Y
Brianna Hart      171 Cortez Village, East Jesseland, GU 52078              243-663-4382x474      F03/12/1939Kramer-Kirby                  9894-BSSN 653-68-2370Dr. Shannon Joyce     198 Karen Springs, Rileyborough, AK 31148                  1692299409578774169203BF0100Y
Christopher Moran 1408 Brittany Fort Apt. 348, Martinezview, VT 09963       580.896.8271x0732     M11/05/1934Chen Ltd                      7109-BSSN 235-83-7363Dr. Lauren Williams   23569 Martin Turnpike, Lisaport, DC 20665                  1609129175678232727203BF0100Y
David May         30456 Hannah Cliffs Suite 226, Robertsonland, VI 13206    (500)719-5138         M03/19/1964Watson Inc                    3488-CSSN 571-63-5652Dr. Ann Smith         992 Hill Extensions Suite 647, North Clintonfort, IL 56078 6973499166593428043203BF0100Y
Stephen Fisher    5656 Young Lock, Melaniefurt, ND 21155                    +1-410-400-7434x3923  F10/31/2000Hanson and Sons               3126-ASSN 344-10-5182Dr. Leslie Mccoy      3906 William Wall Apt. 593, Ramirezfurt, MT 56883          3890629138220602896203BF0100Y
Amy Ellis         55651 Amanda Underpass, East Vanessabury, VA 05283        859.501.1248          F05/27/1960Rios-Ferguson                 8035-CSSN 662-68-4389Dr. Michael Henry     933 Nicholas Hollow Apt. 795, North Michele, MP 76318      5674790171492909128203BF0100Y
Taylor Meyer      PSC 5403, Box 9885, APO AE 69099                          389-325-2919x235      F03/21/1977Rocha-Wagner                  4492-BSSN 039-14-2578Dr. Richard Cox       32385 Holmes Field Apt. 146, Aliciamouth, MN 46294         0385533990857755267203BF0100Y
Crystal Wood      1799 Joann Radial Apt. 775, South Sharon, NE 47172        001-541-907-5019x139  F06/11/1966Soto, Gregory and Black       5407-CSSN 319-39-9295Dr. Jennifer Moon     5857 Anderson Circle Suite 253, Brianmouth, KY 98920       6871746033496673241203BF0100Y
Juan Parker       31439 Kennedy Mill Suite 594, Estradafurt, MT 60758       887-335-5568          F12/25/1974Robinson PLC                  1231-BSSN 353-10-2608Dr. Clifford Douglas  302 Jennifer Cape Apt. 607, Port Tracystad, ND 15840       6125978384386523160203BF0100Y
Mrs. Jean Lynch   Unit 4158 Box 3925, DPO AE 91612                          535-464-2915          M07/30/1960Smith, Young and Mann         3428-CSSN 759-58-8180Dr. Ashley Shaw       PSC 1395, Box 5195, APO AP 37276                           8750127959531539765203BF0100Y
Stephanie Wu      2757 Payne Cliff, New Calebberg, NC 61004                 381-431-3751x179      F04/02/1987Lewis, Robertson and Carpenter7196-BSSN 405-22-8054Dr. Alicia Rivera     827 David Gardens, South John, GU 08008                    2512636138856299968203BF0100Y
Michael Carr      584 Courtney Islands, Holmesview, MH 99583                (644)475-6582x97032   F03/28/1990Nichols Group                 8842-CSSN 847-53-0082Dr. Kelly Burns       12145 Nicholson Islands, Laurenborough, GA 34505           6676299732678578439203BF0100Y
Melissa Brown     43953 Lopez Parkway, Christinafurt, AS 25828              +1-456-578-7233x871   F03/19/1952Johnson, Little and Lynch     8280-BSSN 318-11-6295Dr. Meghan Sweeney    366 Sarah Street, Toddland, VA 00543                       4592493624141461646203BF0100Y
Devon Riddle      58600 Tapia Burg, South Josephborough, VA 85836           4565310660            M07/11/2001Wilson, Hughes and Arias      9820-BSSN 200-69-8364Dr. Savannah Davis    560 Powell Squares, Bradfordland, KY 16415                 2840297951771940812203BF0100Y
Larry Gardner     74356 Holly Mountain Suite 100, West Ericberg, VA 49611   522.477.8571x8423     F09/23/1954Stewart Ltd                   6241-CSSN 444-69-0065Dr. Charles Watts     7638 Mann Trail Suite 562, Kevinfort, ND 02952             5419954865750119052203BF0100Y
Autumn Chung      2172 Simmons Valley, North Megantown, NY 93217            001-760-849-8680x5976 F10/04/1985Lee PLC                       1901-CSSN 328-74-4214Dr. Richard Hill      640 David Green, Port Bradleyport, MI 74784                3687332625389886159203BF0100Y
Christine Woodard 402 Gonzalez Burgs, Bowenmouth, UT 23008                  943-590-4610          F01/20/1991Diaz Group                    2488-BSSN 360-19-4810Dr. Alexander Moore   1802 Cherry Turnpike, West Kimberly, KY 54328              4129307240892399511203BF0100Y
Terry Alvarado    27283 Amanda Summit Apt. 246, Tamaratown, PW 73848        434-673-1586          F05/31/1999Henry, Nolan and Lowery       8445-CSSN 782-10-3081Dr. Ryan Miller       41748 Nicole Harbors, Lindaton, AK 60458                   9226455889034319841203BF0100Y
Benjamin Torres   438 Brady Springs Suite 132, Port Maria, PR 21128         001-993-219-7278      F04/16/1935Young, Chan and Harding       6127-BSSN 418-04-7463Dr. Brent Perez       448 Holly Garden Apt. 354, East Jamie, PW 74820            4294551099267317454203BF0100Y
Cole Reyes        Unit 8766 Box 3892, DPO AA 63676                          001-837-637-6288x31683F06/12/1960Shelton PLC                   3609-BSSN 419-69-5907Dr. Christopher Bryant160 Melissa Burgs Suite 524, Joshuastad, GA 63419          5142174989600541572203BF0100Y
Melissa Shaffer   00776 Medina Mountains, Kellystad, AL 25933               +1-828-294-2113x6634  F08/10/1936Ortiz-Odonnell                1560-ASSN 625-57-3807Dr. Jose Gibbs        75871 Ashley Islands, New Bradley, MO 93084                5746965397921052490203BF0100Y
Erin Crawford     33965 Brown Rapid Apt. 911, Port Toddmouth, GA 48395      6079312541            F01/23/1996Keller PLC                    6190-CSSN 702-59-3049Dr. William Hutchinson73376 Emily Vista, South Timothychester, GA 40287          6860254405470166654203BF0100Y
Robin Bennett     988 Martinez Parkway, East Henry, WY 42627                +1-467-800-5456x1074  F07/16/1980Luna, Vasquez and Allen       4373-BSSN 550-85-3972Dr. Raymond Thompson  664 Schroeder Square, New Anthony, AL 76871                0184464707598155799203BF0100Y
Sarah Thomas      42547 Emma Track, Baileyville, AR 02723                   001-460-786-5326      M10/28/1947Shepard-Roberts               4719-CSSN 073-32-3725Dr. Shirley Austin    7199 Sarah Valley Apt. 139, Rodriguezton, MD 86545         1771174830545069895203BF0100Y
Adam Cooke        22370 Kim Mall Suite 144, New Julie, NE 51962             +1-372-408-8719x8167  M03/13/1966Wilson-Leonard                7411-BSSN 817-34-6222Dr. Jorge Frederick   2811 Ryan Trace, Lopezview, MA 85088                       5383746937043936111203BF0100Y
Eric Cook         096 Erin Estate, East Nicholefort, GA 55819               5293345551            F01/25/1996Jacobs, Nichols and Martinez  4623-BSSN 232-11-9523Dr. Melissa Barnes    PSC 8091, Box 0829, APO AA 90098                           9914653392482210791203BF0100Y
Jennifer Payne DVM95932 Parker Villages Suite 415, East Elizabeth, ND 42445 885-759-0850x19073    F12/27/1967Day, Buck and Barron          4753-ASSN 672-14-5425Dr. Ryan Davies       PSC 9733, Box 7599, APO AA 40725                           8985234312773122992203BF0100Y
Randy Thomas      3329 Campos Greens, Jamesfort, AS 68474                   924.538.6928          M01/30/1974Harmon Inc                    2720-ASSN 269-89-6939Dr. Benjamin Stark    5196 Walton Village Apt. 718, Martinchester, GU 44154      2108865509419472317203BF0100Y
Janet Jones       8295 Kimberly Tunnel Suite 093, West Heather, SC 32094    299-383-8094x18094    M04/28/1948Armstrong, Hall and Wilson    3581-BSSN 027-85-8485Dr. William Gordon    9198 Lopez Stravenue Suite 474, East Melissaberg, IL 13029 1492085326897079073203BF0100Y
Jim Hernandez     40710 Wilson Plains Apt. 878, Port Dennis, FM 89806       336-275-8279          F06/23/1934Park-Ellis                    8808-ASSN 279-03-8277Dr. Eric Johnson      4017 Suarez Valleys Suite 844, Clarkfurt, TX 25415         2734897117682809040203BF0100Y
Amanda Armstrong  44019 Cheryl Trafficway Apt. 567, Kimberlyton, IA 27082   001-554-688-6532x6456 M02/28/1964West-May                      4146-ASSN 095-21-2255Dr. Mary Garcia       957 Davis Squares Suite 352, New Donaldside, DC 84665      6232246860759360364203BF0100Y
Lauren Stout      953 Cervantes Throughway Suite 132, New Paulstad, IL 28041220-848-4626x5713     M09/22/1946Hopkins and Sons              5681-CSSN 147-68-5692Dr. Abigail Boyd      USNV Murray, FPO AP 78528                                  9140695329425942254203BF0100Y
Kyle Lee          3869 Gomez Tunnel, Ryanview, CT 08114                     +1-871-669-3023x471   M10/31/1944Perez-Gonzalez                3413-ASSN 675-25-7920Dr. Mark Sanchez      002 Bass Square Suite 980, Deborahchester, CA 63805        6247656659253961600203BF0100Y
David Ellis       209 Mckinney Ville Apt. 688, Port Lee, WA 46632           630.794.2518x98557    F08/04/1940Sanders-Simmons               6038-CSSN 818-68-8212Dr. Matthew Herrera   945 Jay Lake Apt. 214, Braunberg, ND 47919                 5888039951630379373203BF0100Y
Cory Miller       PSC 4197, Box 9530, APO AP 87892                          9844901184            F02/17/1977Edwards-Casey                 6724-CSSN 350-82-7989Dr. David Hart        14402 Ramirez Course Apt. 312, West Josephchester, IA 862278675259203842992953203BF0100Y
Stephanie Morris  376 Reynolds Islands, Velazquezshire, NE 07344            001-613-504-5913      M05/06/1964Coleman-Davenport             8082-CSSN 098-57-4749Dr. Ricky Spence      37045 Ward Mount, Hendrixberg, VT 04623                    4521047566203760688203BF0100Y
Jennifer Smith    6838 Kimberly Cliffs, Santiagoborough, CT 17248           001-394-439-0846x4283 F08/26/1973Richards-Chan                 2638-ASSN 851-79-5053Dr. Bradley Gates     036 Delacruz Green, Underwoodmouth, CO 19324               2030193356182736336203BF0100Y
Christopher Harris29286 Bryant Creek, East Amy, AZ 80612                    299.812.0098x55092    F07/09/1997Duffy Group                   1354-CSSN 891-01-1640Dr. Jose Davis        70924 Hill Centers Suite 503, Lake Joan, NJ 62419          3386498088788057762203BF0100Y
Cheryl Marshall   4795 Williams Burgs, West James, SC 40220                 (782)695-4882x68462   M07/01/2005Ware-Pearson                  9042-ASSN 222-93-1597Dr. Tyler Myers       5725 Wells Shore Suite 916, South Margaret, CT 13838       0702306375480946039203BF0100Y
Shawn King        5221 Parsons Plaza Apt. 405, Aaronfort, MI 62411          501.844.0825x126      M11/17/1943Randolph, Owens and Smith     9533-CSSN 533-94-7386Dr. David White       309 Mccoy Rapids Suite 702, South Cathy, FM 87157          7030836291393011143203BF0100Y
Angelica Coleman  7242 Bryan Overpass, Gordonborough, CA 94616              +1-259-607-6515x9431  F02/15/1948Hernandez, Rogers and Cook    9961-CSSN 172-82-1711Dr. Kelly Lopez       24556 Robert Terrace, West Joseph, WI 06706                2837428953269203339203BF0100Y
Tyrone Morris     2061 Williams Turnpike, West Mckenzieport, MN 01484       671.628.2506x673      F03/05/1944Cook Inc                      7773-CSSN 827-02-2385Dr. Michael Cummings  USS Waller, FPO AE 83534                                   6916106691356204522203BF0100Y
James Newton      665 Connie Groves, Lake Amandaport, SC 27970              742.663.2261x61431    M12/15/1967Miller-Salinas                5530-CSSN 011-19-8474Dr. Ruth Mitchell     63668 Sheppard Port Suite 106, Williebury, OH 09128        3098756102172061432203BF0100Y
Steven Cannon MD  66530 Walton Manor Suite 312, Jameschester, KS 40224      +1-834-876-9334x94512 F01/11/1964Ortega PLC                    7972-CSSN 165-63-5785Dr. Rita Acosta       13258 Lauren Village, Johnsonton, AL 45574                 2946594920005696198203BF0100Y
Michael Jackson   62344 Wesley Street Suite 171, South Georgefurt, IN 42598 977.947.3531x51789    M11/09/1991Vega, Miller and Clark        1041-ASSN 364-48-9762Dr. Maria Christensen 1680 Jackson Causeway, New Paul, GU 29053                  4168273908986113579203BF0100Y
Maria Fowler      4220 Atkinson Tunnel Apt. 031, North Davidport, NM 58844  219.875.6010x2958     M12/19/1977Pope Group                    5293-ASSN 660-22-0093Dr. John Everett      80049 Kyle Terrace Suite 653, New Michelechester, MP 85272 2068499998339575612203BF0100Y
Alejandra Lane    Unit 2012 Box 3243, DPO AE 31437                          001-425-570-8776x9754 M04/27/2000Robinson, Murray and Roberts  7226-BSSN 675-94-2906Dr. Mark Madden       PSC 8256, Box 5235, APO AE 68411                           8939462362421378513203BF0100Y
Betty Koch        USCGC Smith, FPO AA 79951                                 637-941-6019x123      F03/07/2002Lawson Group                  8769-ASSN 060-33-5047Dr. Donald Velazquez  56615 Smith Underpass, South Stevenport, TN 93483          2476252192672817602203BF0100Y
Sabrina Bates     892 Ashley Hills, New Carlostown, MP 38313                (609)881-0418x1356    F12/01/1996Brown-Obrien                  5076-ASSN 529-36-4630Dr. Eugene Gonzalez   3225 Wyatt Meadow Suite 135, Jamesland, ND 10699           4887983949342081569203BF0100Y
Jennifer Love     Unit 3065 Box 6108, DPO AP 35012                          001-836-437-5023x54864M12/24/1946Andersen, Evans and Riley     4978-BSSN 793-62-8303Dr. Karen Davidson    Unit 6224 Box 0605, DPO AA 22436                           3389502027408590143203BF0100Y
Stephen Davis     95288 Ashley Loaf Apt. 828, West Stephen, NV 98440        568.841.0497          M04/19/1940Harmon, Clark and Walters     4860-ASSN 197-80-3370Dr. James Woods       536 Michael Street Apt. 949, West Brandon, MO 30850        0289926447113867682203BF0100Y
Maria Morrow      Unit 3459 Box 7025, DPO AP 80592                          7958937889            F12/29/1986Johnson-Graves                9650-BSSN 785-31-5464Dr. Darius Flores     818 Donald Knolls Suite 286, Michaelland, VA 67210         0680624690023614790203BF0100Y
Rachel Lawson     5113 Gray Road, West Laura, CO 42440                      561-854-5881x33867    F09/06/1956Jones-Watts                   4490-BSSN 422-53-5638Dr. Patricia Grant    605 Harris Plains Suite 097, Jenniferfurt, TN 13108        0919640938078811947203BF0100Y
Deborah Nichols   13100 Justin Lodge, North Travis, DC 44888                +1-941-612-0822x90339 M08/28/1988Flores Inc                    4629-CSSN 554-93-4245Dr. Joseph Ritter     443 Bartlett Manor Suite 222, Thomasshire, TN 97277        2332605851689003637203BF0100Y
Karen Cisneros DDS92018 Bray Point, Carrilloburgh, CO 01465                 824.632.8271x26569    M08/12/1971Dean-Davis                    6682-CSSN 813-30-0041Dr. Damon Huffman     186 Soto Glen, Amberfort, NY 55299                         8255003604829056199203BF0100Y
Ashley Fry        199 Jerry Course, Lake Paul, NM 62376                     261-609-2429x27504    M04/16/1959Moore-Murphy                  3199-CSSN 356-62-7500Dr. Jennifer Barnes   44212 Smith Plain Suite 908, West Lee, SD 64215            7775123798306789852203BF0100Y
Richard Moore     558 Anderson Vista, North Patrick, WA 66763               001-700-707-3712x65411F10/22/1952Riley PLC                     2085-ASSN 480-35-4037Dr. Joel Long         PSC 4027, Box 2046, APO AA 06771                           0512280599092235095203BF0100Y
Elizabeth Jenkins 414 Solomon Valley Apt. 442, Lake Steven, NV 36574        (482)880-4068x59766   M06/17/1986Morris Ltd                    5557-ASSN 085-48-7872Dr. Angela Bennett    2657 Joseph Squares, Gregfort, SD 38723                    7272152272723174541203BF0100Y
Chelsea Rangel    7093 Jacob Islands Apt. 322, Kellyshire, NV 49500         +1-516-310-5672x513   M08/13/2004Wallace-Brooks                4166-CSSN 480-20-3026Dr. Steven Fischer    90739 Schmitt Center Apt. 314, North Alyssa, WY 82788      0191390004630751160203BF0100Y
Sandy Potts       24732 Ricky View, Patrickview, WV 53370                   406.711.3080          M03/17/1960Osborn-Martinez               6968-CSSN 830-10-6018Dr. Christina Andrews 87932 Carl Unions Suite 667, Jamesland, VA 57120           5134380116751429085203BF0100Y
Kevin Bell        595 Evelyn Fork, Lake Katherineville, NH 52213            +1-629-329-8603x33509 M03/25/1944Stevenson, Cook and Brown     8385-BSSN 084-98-3916Dr. Matthew Evans     5210 Rangel Shore, East Parker, WI 79053                   1249538205201979583203BF0100Y
Jeremy Harris     75510 Serrano Camp Apt. 353, East Blake, IA 16768         765-564-1757x5867     M05/30/2004Velez-Gonzalez                9066-CSSN 449-94-5468Dr. Lisa Scott        8046 Richard Wall, West Anita, MT 96803                    3549455333561285128203BF0100Y
Jennifer Clark    865 Miller Park Apt. 002, North Marychester, ID 27474     (469)915-1620x966     M03/19/1935Evans-Gaines                  1538-ASSN 109-82-0302Dr. Debbie Calhoun    8592 Marsh River, Sarahborough, CA 44579                   6122082889043504037203BF0100Y
Joshua Moss       PSC 5904, Box 8046, APO AA 19478                          (545)631-5758x7665    F11/14/1944Hopkins LLC                   8613-BSSN 716-20-4847Dr. Bryan Nicholson   USNS Hill, FPO AE 24521                                    3712056064110131471203BF0100Y
Lauren Perkins    31948 Ryan Common Suite 189, Powellburgh, AK 46061        001-431-553-6132x6092 F01/04/1959Jones, Sutton and Roberts     6677-CSSN 493-85-9269Dr. David Page        9074 Patricia Lane, Brownport, OR 11899                    0755968744799015232203BF0100Y
Benjamin Reid     292 Matthew Underpass, Schwartzview, VI 52727             508-275-2803x14783    M01/29/1935Byrd, Carter and Turner       4632-BSSN 267-78-6994Dr. Bonnie Sullivan   55490 Vargas Trail Suite 172, North Cynthia, VA 33019      7463275662074413507203BF0100Y
Nicole Nunez      78360 Taylor Rapid, East Andreaview, AS 91883             001-387-744-9489x99597M05/01/1995Mcintosh-Rangel               4065-CSSN 484-56-6363Dr. Shawn Robinson    162 Rojas Spur, Robinsontown, CA 95559                     9835502612314840834203BF0100Y
Tina Rodriguez    5492 Jason Squares Suite 558, Penamouth, IL 25669         +1-899-639-8887       F10/12/1963Watkins-Hancock               8488-BSSN 488-79-5816Dr. Hannah Reynolds   78130 Mcguire Port Apt. 173, Christianmouth, MP 46645      8440997714829137507203BF0100Y
Jeffrey Aguilar MD3635 Garcia Parkways Suite 897, Juliemouth, NM 86615      252-234-4062x92463    M10/31/1987Cortez-Snyder                 7874-ASSN 509-10-4252Dr. Elaine Martin     288 Thompson Tunnel, North Elizabethtown, WI 11347         8357587562686308502203BF0100Y
Elaine Williams   4140 Graves Lake, North Davidville, MS 95749              490.466.1531x09332    M11/16/1967Douglas, Tyler and Miller     1895-BSSN 865-03-9294Dr. Linda Martin      5916 Garcia Keys, Teresamouth, TX 24667                    9497342778059395495203BF0100Y
Elizabeth Bell    85125 Megan Divide, Glennbury, PA 37865                   266-637-8095          M07/24/2000Jackson, Martin and Hansen    9206-ASSN 635-84-8006Dr. Michael Spence    0123 Terrence Causeway Suite 126, Diazville, PR 43277      8233002742770914630203BF0100Y
Paul Figueroa     84542 Bailey Shoal, South Margaretberg, MP 76859          (318)248-5322x500     M10/18/1963Ruiz, Cunningham and Knight   8200-ASSN 721-27-4207Dr. Mary Cowan        430 Smith Circles, Nathanhaven, ME 01474                   6783144561508577678203BF0100Y
Brady Miller      588 Smith Centers, Glennchester, ID 08402                 001-819-302-4274x1747 M12/16/1933Murphy-Ortiz                  8744-CSSN 738-59-5636Dr. Christine Young   17738 Meghan Avenue, Port Melissa, RI 75629                8208430702735840442203BF0100Y
Theresa Ward      53719 Robert Track, Jasonville, AZ 89520                  +1-421-522-3825       F01/09/1945Robinson, Stephenson and Tate 9296-CSSN 886-61-0738Dr. Nicole Diaz       69708 Mitchell Way Suite 067, Lake Christopher, ND 41811   1497911740565665355203BF0100Y
Susan Logan       046 Brandi Via, North Mollyberg, KS 93114                 +1-780-719-8093x973   F04/28/2001Davis-Phillips                6121-ASSN 239-65-2449Dr. Holly Mcdonald    51274 Rodney Ford Apt. 604, Josechester, ID 34735          8648628973334592136203BF0100Y
Mackenzie Moore   773 Martinez Wells Apt. 208, Georgestad, CO 64375         430.653.0567x281      M03/09/1983Moreno-Hughes                 7194-CSSN 136-25-7832Dr. Don Burton        Unit 5807 Box 8520, DPO AA 14684                           8111654291649331676203BF0100Y
Donald Reid       4898 Robert Fall, Harrellburgh, HI 57987                  (205)606-5310x1534    M08/02/1935Vincent Inc                   8140-ASSN 543-66-5675Dr. Kurt Key          42878 Jenkins Ford, Hamiltontown, LA 83179                 0738598275198305015203BF0100Y