Billing Provider,Address,NPI,TIN,Taxonomy Code
Dr. Robin Chapman,"17193 Tonya Inlet Apt. 192, East Danielland, MH 36448",6564768782,904616105,203BF0100Y
Dr. Michelle Lewis,"PSC 5603, Box 8895, APO AA 56161",8360655349,245946788,203BF0100Y
Dr. Anna Young,"6730 Stephanie Trafficway, Courtneyport, MA 90650",6224085143,721218662,203BF0100Y
Dr. Heather Gilbert,"82995 Santiago Overpass Apt. 808, Port Joseph, CT 85466",8307837467,406657018,203BF0100Y
Dr. Austin Davis,"862 Mathews Stream Apt. 223, Carrilloview, UT 12833",8615502589,164783822,203BF0100Y
Dr. Jennifer Hayes,"0434 Lori Lights, Hamiltonbury, NH 65074",8930612018,800666431,203BF0100Y
Dr. Jason Martin,"366 Raymond Via, Terrellchester, NJ 21336",9925681108,440512803,203BF0100Y
Dr. Debra Torres,"Unit 4183 Box 4670, DPO AA 69785",6332879535,856072266,203BF0100Y
Dr. Christopher Newton,"490 Eric Lake Suite 134, Halechester, GU 75092",3427653081,515915527,203BF0100Y
Dr. Erika Robertson,"65606 Rebecca Key Apt. 476, New Jill, AL 79267",7336962180,821296012,203BF0100Y
Dr. Joseph Burns,"71516 Christopher Springs Suite 784, Johnsonburgh, PW 51897",4244597406,483048781,203BF0100Y
Dr. Kimberly Foster,"83799 Rachel Key, West Brentside, AL 63061",5035668610,851811268,203BF0100Y
Dr. Shelby Martinez,"03398 Sandra Ports, North Kimberly, PW 15839",7212191299,284744310,203BF0100Y
Dr. Hannah Andrews,"07752 Payne Prairie Apt. 672, Melissaton, AR 90790",6203405627,562150462,203BF0100Y
Dr. Catherine Farley,"954 Buck Estate Suite 299, East Hannah, UT 76086",9818878287,419263987,203BF0100Y
Dr. Albert Carter,"467 Mcmillan Springs Apt. 530, East Joshualand, DE 72819",6063727911,839303294,203BF0100Y
Dr. James Stewart,"900 Mark Roads Suite 029, Lake Jerome, NE 65824",4856826916,764813760,203BF0100Y
Dr. Melissa Foley,"Unit 6371 Box 5245, DPO AP 05046",7422523445,650432191,203BF0100Y
Dr. Amy Moore,"6972 Bennett Gateway Apt. 203, East Brittanymouth, NC 90293",7370358054,125310952,203BF0100Y
Dr. Adrian Oconnell,"8485 Lopez Stream Apt. 404, Lake Mary, MO 19621",7046450743,862224542,203BF0100Y
Dr. Carrie Davis,"290 Roger Crest, South Jamiemouth, AK 82245",6767986809,001725035,203BF0100Y
Dr. Michael Higgins,"915 Ronald Meadow, Lovemouth, AS 14597",9255278858,313594026,203BF0100Y
Dr. Rodney Green,"88992 Katherine Lock Suite 827, South Dennistown, KY 68700",2182781917,491953869,203BF0100Y
Dr. Thomas Murphy,"742 Phillip Plains Apt. 660, East Craigfort, SD 26713",8106213243,323881897,203BF0100Y
Dr. Shannon Joyce,"198 Karen Springs, Rileyborough, AK 31148",1692299409,578774169,203BF0100Y
Dr. Lauren Williams,"23569 Martin Turnpike, Lisaport, DC 20665",1609129175,678232727,203BF0100Y
Dr. Ann Smith,"992 Hill Extensions Suite 647, North Clintonfort, IL 56078",6973499166,593428043,203BF0100Y
Dr. Leslie Mccoy,"3906 William Wall Apt. 593, Ramirezfurt, MT 56883",3890629138,220602896,203BF0100Y
Dr. Michael Henry,"933 Nicholas Hollow Apt. 795, North Michele, MP 76318",5674790171,492909128,203BF0100Y
Dr. Richard Cox,"32385 Holmes Field Apt. 146, Aliciamouth, MN 46294",0385533990,857755267,203BF0100Y
Dr. Jennifer Moon,"5857 Anderson Circle Suite 253, Brianmouth, KY 98920",6871746033,496673241,203BF0100Y
Dr. Clifford Douglas,"302 Jennifer Cape Apt. 607, Port Tracystad, ND 15840",6125978384,386523160,203BF0100Y
Dr. Ashley Shaw,"PSC 1395, Box 5195, APO AP 37276",8750127959,531539765,203BF0100Y
Dr. Alicia Rivera,"827 David Gardens, South John, GU 08008",2512636138,856299968,203BF0100Y
Dr. Kelly Burns,"12145 Nicholson Islands, Laurenborough, GA 34505",6676299732,678578439,203BF0100Y
Dr. Meghan Sweeney,"366 Sarah Street, Toddland, VA 00543",4592493624,141461646,203BF0100Y
Dr. Savannah Davis,"560 Powell Squares, Bradfordland, KY 16415",2840297951,771940812,203BF0100Y
Dr. Charles Watts,"7638 Mann Trail Suite 562, Kevinfort, ND 02952",5419954865,750119052,203BF0100Y
Dr. Richard Hill,"640 David Green, Port Bradleyport, MI 74784",3687332625,389886159,203BF0100Y
Dr. Alexander Moore,"1802 Cherry Turnpike, West Kimberly, KY 54328",4129307240,892399511,203BF0100Y
Dr. Ryan Miller,"41748 Nicole Harbors, Lindaton, AK 60458",9226455889,034319841,203BF0100Y
Dr. Brent Perez,"448 Holly Garden Apt. 354, East Jamie, PW 74820",4294551099,267317454,203BF0100Y
Dr. Christopher Bryant,"160 Melissa Burgs Suite 524, Joshuastad, GA 63419",5142174989,600541572,203BF0100Y
Dr. Jose Gibbs,"75871 Ashley Islands, New Bradley, MO 93084",5746965397,921052490,203BF0100Y
Dr. William Hutchinson,"73376 Emily Vista, South Timothychester, GA 40287",6860254405,470166654,203BF0100Y
Dr. Raymond Thompson,"664 Schroeder Square, New Anthony, AL 76871",0184464707,598155799,203BF0100Y
Dr. Shirley Austin,"7199 Sarah Valley Apt. 139, Rodriguezton, MD 86545",1771174830,545069895,203BF0100Y
Dr. Jorge Frederick,"2811 Ryan Trace, Lopezview, MA 85088",5383746937,043936111,203BF0100Y
Dr. Melissa Barnes,"PSC 8091, Box 0829, APO AA 90098",9914653392,482210791,203BF0100Y
Dr. Ryan Davies,"PSC 9733, Box 7599, APO AA 40725",8985234312,773122992,203BF0100Y
Dr. Benjamin Stark,"5196 Walton Village Apt. 718, Martinchester, GU 44154",2108865509,419472317,203BF0100Y
Dr. William Gordon,"9198 Lopez Stravenue Suite 474, East Melissaberg, IL 13029",1492085326,897079073,203BF0100Y
Dr. Eric Johnson,"4017 Suarez Valleys Suite 844, Clarkfurt, TX 25415",2734897117,682809040,203BF0100Y
Dr. Mary Garcia,"957 Davis Squares Suite 352, New Donaldside, DC 84665",6232246860,759360364,203BF0100Y
Dr. Abigail Boyd,"USNV Murray, FPO AP 78528",9140695329,425942254,203BF0100Y
Dr. Mark Sanchez,"002 Bass Square Suite 980, Deborahchester, CA 63805",6247656659,253961600,203BF0100Y
Dr. Matthew Herrera,"945 Jay Lake Apt. 214, Braunberg, ND 47919",5888039951,630379373,203BF0100Y
Dr. David Hart,"14402 Ramirez Course Apt. 312, West Josephchester, IA 86227",8675259203,842992953,203BF0100Y
Dr. Ricky Spence,"37045 Ward Mount, Hendrixberg, VT 04623",4521047566,203760688,203BF0100Y
Dr. Bradley Gates,"036 Delacruz Green, Underwoodmouth, CO 19324",2030193356,182736336,203BF0100Y
Dr. Jose Davis,"70924 Hill Centers Suite 503, Lake Joan, NJ 62419",3386498088,788057762,203BF0100Y
Dr. Tyler Myers,"5725 Wells Shore Suite 916, South Margaret, CT 13838",0702306375,480946039,203BF0100Y
Dr. David White,"309 Mccoy Rapids Suite 702, South Cathy, FM 87157",7030836291,393011143,203BF0100Y
Dr. Kelly Lopez,"24556 Robert Terrace, West Joseph, WI 06706",2837428953,269203339,203BF0100Y
Dr. Michael Cummings,"USS Waller, FPO AE 83534",6916106691,356204522,203BF0100Y
Dr. Ruth Mitchell,"63668 Sheppard Port Suite 106, Williebury, OH 09128",3098756102,172061432,203BF0100Y
Dr. Rita Acosta,"13258 Lauren Village, Johnsonton, AL 45574",2946594920,005696198,203BF0100Y
Dr. Maria Christensen,"1680 Jackson Causeway, New Paul, GU 29053",4168273908,986113579,203BF0100Y
Dr. John Everett,"80049 Kyle Terrace Suite 653, New Michelechester, MP 85272",2068499998,339575612,203BF0100Y
Dr. Mark Madden,"PSC 8256, Box 5235, APO AE 68411",8939462362,421378513,203BF0100Y
Dr. Donald Velazquez,"56615 Smith Underpass, South Stevenport, TN 93483",2476252192,672817602,203BF0100Y
Dr. Eugene Gonzalez,"3225 Wyatt Meadow Suite 135, Jamesland, ND 10699",4887983949,342081569,203BF0100Y
Dr. Karen Davidson,"Unit 6224 Box 0605, DPO AA 22436",3389502027,408590143,203BF0100Y
Dr. James Woods,"536 Michael Street Apt. 949, West Brandon, MO 30850",0289926447,113867682,203BF0100Y
Dr. Darius Flores,"818 Donald Knolls Suite 286, Michaelland, VA 67210",0680624690,023614790,203BF0100Y
Dr. Patricia Grant,"605 Harris Plains Suite 097, Jenniferfurt, TN 13108",0919640938,078811947,203BF0100Y
Dr. Joseph Ritter,"443 Bartlett Manor Suite 222, Thomasshire, TN 97277",2332605851,689003637,203BF0100Y
Dr. Damon Huffman,"186 Soto Glen, Amberfort, NY 55299",8255003604,829056199,203BF0100Y
Dr. Jennifer Barnes,"44212 Smith Plain Suite 908, West Lee, SD 64215",7775123798,306789852,203BF0100Y
Dr. Joel Long,"PSC 4027, Box 2046, APO AA 06771",0512280599,092235095,203BF0100Y
Dr. Angela Bennett,"2657 Joseph Squares, Gregfort, SD 38723",7272152272,723174541,203BF0100Y
Dr. Steven Fischer,"90739 Schmitt Center Apt. 314, North Alyssa, WY 82788",0191390004,630751160,203BF0100Y
Dr. Christina Andrews,"87932 Carl Unions Suite 667, Jamesland, VA 57120",5134380116,751429085,203BF0100Y
Dr. Matthew Evans,"5210 Rangel Shore, East Parker, WI 79053",1249538205,201979583,203BF0100Y
Dr. Lisa Scott,"8046 Richard Wall, West Anita, MT 96803",3549455333,561285128,203BF0100Y
Dr. Debbie Calhoun,"8592 Marsh River, Sarahborough, CA 44579",6122082889,043504037,203BF0100Y
Dr. Bryan Nicholson,"USNS Hill, FPO AE 24521",3712056064,110131471,203BF0100Y
Dr. David Page,"9074 Patricia Lane, Brownport, OR 11899",0755968744,799015232,203BF0100Y
Dr. Bonnie Sullivan,"55490 Vargas Trail Suite 172, North Cynthia, VA 33019",7463275662,074413507,203BF0100Y
Dr. Shawn Robinson,"162 Rojas Spur, Robinsontown, CA 95559",9835502612,314840834,203BF0100Y
Dr. Hannah Reynolds,"78130 Mcguire Port Apt. 173, Christianmouth, MP 46645",8440997714,829137507,203BF0100Y
Dr. Elaine Martin,"288 Thompson Tunnel, North Elizabethtown, WI 11347",8357587562,686308502,203BF0100Y
Dr. Linda Martin,"5916 Garcia Keys, Teresamouth, TX 24667",9497342778,059395495,203BF0100Y
Dr. Michael Spence,"0123 Terrence Causeway Suite 126, Diazville, PR 43277",8233002742,770914630,203BF0100Y
Dr. Mary Cowan,"430 Smith Circles, Nathanhaven, ME 01474",6783144561,508577678,203BF0100Y
Dr. Christine Young,"17738 Meghan Avenue, Port Melissa, RI 75629",8208430702,735840442,203BF0100Y
Dr. Nicole Diaz,"69708 Mitchell Way Suite 067, Lake Christopher, ND 41811",1497911740,565665355,203BF0100Y
Dr. Holly Mcdonald,"51274 Rodney Ford Apt. 604, Josechester, ID 34735",8648628973,334592136,203BF0100Y
Dr. Don Burton,"Unit 5807 Box 8520, DPO AA 14684",8111654291,649331676,203BF0100Y
Dr. Kurt Key,"42878 Jenkins Ford, Hamiltontown, LA 83179",0738598275,198305015,203BF0100Y
